﻿<?xml version="1.0" encoding="utf-8"?>
<deployment>
  <id>681dfd2cf70e4e429193ad8a66477e46</id>
  <author>N/A</author>
  <deployer>az_cli_functions</deployer>
  <authorEmail>N/A</authorEmail>
  <message>Created via a push deployment</message>
  <progress></progress>
  <status>Success</status>
  <statusText></statusText>
  <lastSuccessEndTime>2026-01-11T10:49:48.6272505Z</lastSuccessEndTime>
  <receivedTime>2026-01-11T10:49:46.9232199Z</receivedTime>
  <startTime>2026-01-11T10:49:47.532593Z</startTime>
  <endTime>2026-01-11T10:49:48.6272505Z</endTime>
  <complete>True</complete>
  <is_temp>False</is_temp>
  <is_readonly>True</is_readonly>
  <project_type>Run-From-Zip</project_type>
  <vsproject_id></vsproject_id>
</deployment>