<step title="BackgroundTrace" date="2026-01-08T21:46:05.152" instance="28f0e4" url="synctriggers-operation" method="POST" >
  <step title="Cleanup Xml Logs" date="2026-01-08T21:46:05.183" /><!-- duration: 31ms -->
  <step title="Updating shutdown sentinel last write time" date="2026-01-08T21:46:05.245" SemaphoreCount="5" /><!-- duration: 31ms -->
  <step title="Delaying &apos;00:01:00&apos; for Functions site to restart." date="2026-01-08T21:46:05.292" /><!-- duration: 16ms -->
  <step title="Begin HttpPost https://func-healthaggregator.azurewebsites.net/admin/host/synctriggers, x-ms-request-id: 7373e592-3ee7-47db-a621-a2fe05886a9e" date="2026-01-08T21:46:48.405" /><!-- duration: 31ms -->
  <step title="End HttpPost, status: OK" date="2026-01-08T21:46:54.065" /><!-- duration: 16ms -->
  <step title="Syncing function triggers by calling the functions runtime site successful." date="2026-01-08T21:46:54.112" /><!-- duration: 31ms -->
  <step title="Begin HttpPost https://func-healthaggregator.azurewebsites.net/admin/host/synctriggers, x-ms-request-id: dd8c3d39-1967-4c43-8499-429759958433" date="2026-01-08T21:47:05.356" /><!-- duration: 31ms -->
  <step title="End HttpPost, status: OK" date="2026-01-08T21:47:06.436" /><!-- duration: 31ms -->
  <step title="Syncing function triggers by calling the functions runtime site successful." date="2026-01-08T21:47:06.483" /><!-- duration: 47ms -->
  <step title="Deleting shutdown sentinel file" date="2026-01-08T21:47:06.561" SemaphoreCount="8" /><!-- duration: 16ms -->
</step><!-- duration: 61457ms -->
