<step title="BackgroundTrace" date="2026-01-08T21:46:01.260" instance="28f0e4" url="/api/zipdeploy" method="POST" >
  <step title="Updating shutdown sentinel last write time" date="2026-01-08T21:46:01.291" SemaphoreCount="6" /><!-- duration: 16ms -->
  <step title="LockFile &apos;C:\home\site\locks\deployments.lock&apos; acquired" date="2026-01-08T21:46:01.338" /><!-- duration: 31ms -->
  <step title="Creating temporary deployment" date="2026-01-08T21:46:01.385" /><!-- duration: 125ms -->
  <step title="Performing fetch based deployment" date="2026-01-08T21:46:01.541" >
    <step title="Fetching changes." date="2026-01-08T21:46:01.744" /><!-- duration: 16ms -->
    <step title="Starting LocalZipHandler" date="2026-01-08T21:46:01.791" /><!-- duration: 16ms -->
    <step title="Starting ExtractTriggers" date="2026-01-08T21:46:01.838" /><!-- duration: 16ms -->
    <step title="Before sending BuildRequestReceived status to /api/updatedeploystatus" date="2026-01-08T21:46:01.932" /><!-- duration: 16ms -->
    <step title="DeploymentManager.Deploy(id:b62b06fe035c4b61aa3fce6280e8182a)" date="2026-01-08T21:46:01.963" >
      <step title="Collecting changeset information" date="2026-01-08T21:46:02.010" /><!-- duration: 156ms -->
      <step title="Updating submodules" date="2026-01-08T21:46:02.197" >
        <step title="Updating submodules." date="2026-01-08T21:46:02.385" /><!-- duration: 31ms -->
      </step><!-- duration: 234ms -->
      <step title="Preparing deployment for commit id &apos;b62b06fe03&apos;." date="2026-01-08T21:46:02.619" /><!-- duration: 31ms -->
      <step title="Determining deployment builder" date="2026-01-08T21:46:02.807" >
        <step title="Builder is RunFromZipSiteBuilder" date="2026-01-08T21:46:02.823" /><!-- duration: 31ms -->
      </step><!-- duration: 63ms -->
      <step title="Copying SSH keys" date="2026-01-08T21:46:02.933" /><!-- duration: 47ms -->
      <step title="Building" date="2026-01-08T21:46:03.011" >
        <step title="Skipping build. Project type: Run-From-Zip" date="2026-01-08T21:46:03.214" /><!-- duration: 16ms -->
        <step title="Skipping post build. Project type: Run-From-Zip" date="2026-01-08T21:46:03.449" /><!-- duration: 31ms -->
        <step title="Triggering recycle (preview mode disabled)." date="2026-01-08T21:46:03.683" /><!-- duration: 31ms -->
        <step title="Ignoring FS watcher based recycle request as this is a classic Windows app." date="2026-01-08T21:46:03.730" /><!-- duration: 31ms -->
        <step title="Deployment successful. DEPLOYMENTINFO: deploymentPath = Functions App ZipDeploy. Run from package., deployer = GITHUB_ZIP_DEPLOY_FUNCTIONS_V1, os = windows, sku = Dynamic, language = dotnet-isolated, siteName = func-healthaggregator, slotName = Production, siteHostName = func-healthaggregator.azurewebsites.net, deploymentStatus = Success" date="2026-01-08T21:46:03.964" /><!-- duration: 31ms -->
        <step title="Purge deployment items" date="2026-01-08T21:46:04.386" >
          <step title="Remove 46adc2b95, Success, received at 1/6/2026 12:08:52 AM" date="2026-01-08T21:46:04.605" /><!-- duration: 31ms -->
        </step><!-- duration: 266ms -->
      </step><!-- duration: 1750ms -->
    </step><!-- duration: 2814ms -->
    <step title="Cleaning up temp files" date="2026-01-08T21:46:04.824" /><!-- duration: 31ms -->
    <step title="Updating C:\home\data\SitePackages\packagename.txt with deployment 20260108214600.zip" date="2026-01-08T21:46:04.886" /><!-- duration: 47ms -->
    <step title="Begin HttpPost https://func-healthaggregator.scm.azurewebsites.net/operations/settriggers, x-ms-request-id: dd8c3d39-1967-4c43-8499-429759958433" date="2026-01-08T21:46:04.964" /><!-- duration: 16ms -->
    <step title="End HttpPost, status: OK" date="2026-01-08T21:46:05.058" /><!-- duration: 31ms -->
    <step title="Scheduling background sync triggers after delay" date="2026-01-08T21:46:05.105" /><!-- duration: 31ms -->
  </step><!-- duration: 3782ms -->
  <step title="LockFile &apos;C:\home\site\locks\deployments.lock&apos; released" date="2026-01-08T21:46:05.370" /><!-- duration: 16ms -->
</step><!-- duration: 4173ms -->
