<step title="Incoming Request" date="2026-01-08T21:43:16.164" instance="28f0e4" url="/api/zipdeploy?isAsync=true&amp;Deployer=az_cli_functions" method="POST" type="request" pid="9040,2,8" Cache-Control="no-cache" Content-Length="5357299" Content-Type="application/octet-stream" Accept="*/*" Accept-Encoding="gzip, deflate" Authorization="Bea..." Host="func-healthaggregator.scm.azurewebsites.net" User-Agent="AZURECLI/2.80.0 (MSI)" x-ms-client-request-id="fef1573d-ecda-11f0-a337-70a6cc1c43fe" X-ARR-LOG-ID="fef1573d-ecda-11f0-a337-70a6cc1c43fe" CLIENT-IP="88.223.145.103:55322" X-SITE-DEPLOYMENT-ID="func-healthaggregator" WAS-DEFAULT-HOSTNAME="func-healthaggregator.scm.azurewebsites.net" X-Forwarded-Proto="https" X-AppService-Proto="https" X-Forwarded-TlsVersion="1.3" X-WAWS-Unencoded-URL="/api/zipdeploy?isAsync=true&amp;Deployer=az_cli_functions" >
  <step title="ZipPushDeploy" date="2026-01-08T21:43:16.539" >
    <step title="Functions App ZipDeploy. Run from package." date="2026-01-08T21:43:16.586" /><!-- duration: 16ms -->
    <step title="Starting PushDeployAsync" date="2026-01-08T21:43:16.632" /><!-- duration: 31ms -->
    <step title="Updating shutdown sentinel last write time" date="2026-01-08T21:43:16.742" SemaphoreCount="7" /><!-- duration: 31ms -->
    <step title="LockFile &apos;C:\home\site\locks\deployments.lock&apos; acquired" date="2026-01-08T21:43:16.789" /><!-- duration: 31ms -->
    <step title="Deleting outdated zip file C:\home\data\SitePackages\20260107143739.zip" date="2026-01-08T21:43:16.867" /><!-- duration: 47ms -->
    <step title="Saving request content to C:\home\data\SitePackages\20260108214316.zip" date="2026-01-08T21:43:16.945" >
      <step title="Total 5,357,299 bytes written to C:\home\data\SitePackages\20260108214316.zip" date="2026-01-08T21:43:17.086" /><!-- duration: 16ms -->
    </step><!-- duration: 281ms -->
    <step title="LockFile &apos;C:\home\site\locks\deployments.lock&apos; released" date="2026-01-08T21:43:17.257" /><!-- duration: 16ms -->
    <step title="Deleting shutdown sentinel file" date="2026-01-08T21:43:17.320" SemaphoreCount="8" /><!-- duration: 16ms -->
    <step title="Starting FetchDeploy" date="2026-01-08T21:43:17.367" /><!-- duration: 16ms -->
    <step title="Start deployment in the background" date="2026-01-08T21:43:17.414" /><!-- duration: 375ms -->
  </step><!-- duration: 1281ms -->
  <step title="Outgoing response" date="2026-01-08T21:43:17.882" type="response" statusCode="202" statusText="Accepted" Server="Microsoft-IIS/10.0" x-ms-request-id="fef1573d-ecda-11f0-a337-70a6cc1c43fe" Retry-After="30" Cache-Control="private" X-AspNet-Version="4.0.30319" Location="https://func-healthaggregator.scm.azurewebsites.net/api/deployments/latest?deployer=az_cli_functions&amp;time=2026-01-08_21-43-17Z" /><!-- duration: 31ms -->
</step><!-- duration: 1766ms -->
