<step title="Incoming Request" date="2026-01-09T12:04:25.180" instance="9dfc7a" url="/api/zipdeploy" method="POST" type="request" pid="1044,2,7" Content-Length="5395702" Content-Type="application/zip" Authorization="Bea..." Host="func-healthaggregator.scm.azurewebsites.net" If-Match="*" User-Agent="functions-core-tools/4.5.0" X-ARR-LOG-ID="85251cbb-8f6a-4b7a-b057-0774c45239c4" CLIENT-IP="88.223.145.103:49196" X-SITE-DEPLOYMENT-ID="func-healthaggregator" WAS-DEFAULT-HOSTNAME="func-healthaggregator.scm.azurewebsites.net" X-Forwarded-Proto="https" X-AppService-Proto="https" X-Forwarded-TlsVersion="1.3" X-WAWS-Unencoded-URL="/api/zipdeploy" >
  <step title="ZipPushDeploy" date="2026-01-09T12:04:25.305" >
    <step title="Functions App ZipDeploy. Run from package." date="2026-01-09T12:04:25.352" /><!-- duration: 31ms -->
    <step title="Starting PushDeployAsync" date="2026-01-09T12:04:25.414" /><!-- duration: 31ms -->
    <step title="Updating shutdown sentinel last write time" date="2026-01-09T12:04:25.619" SemaphoreCount="7" /><!-- duration: 31ms -->
    <step title="LockFile &apos;C:\home\site\locks\deployments.lock&apos; acquired" date="2026-01-09T12:04:25.665" /><!-- duration: 47ms -->
    <step title="Deleting outdated zip file C:\home\data\SitePackages\20260108214316.zip" date="2026-01-09T12:04:25.775" /><!-- duration: 47ms -->
    <step title="Saving request content to C:\home\data\SitePackages\20260109120425.zip" date="2026-01-09T12:04:25.838" >
      <step title="Total 5,395,702 bytes written to C:\home\data\SitePackages\20260109120425.zip" date="2026-01-09T12:04:26.009" /><!-- duration: 16ms -->
    </step><!-- duration: 375ms -->
    <step title="LockFile &apos;C:\home\site\locks\deployments.lock&apos; released" date="2026-01-09T12:04:26.259" /><!-- duration: 16ms -->
    <step title="Deleting shutdown sentinel file" date="2026-01-09T12:04:26.322" SemaphoreCount="8" /><!-- duration: 31ms -->
    <step title="Starting FetchDeploy" date="2026-01-09T12:04:26.400" /><!-- duration: 16ms -->
    <step title="Attempting to fetch target branch HEAD" date="2026-01-09T12:04:26.447" /><!-- duration: 16ms -->
    <step title="Updating shutdown sentinel last write time" date="2026-01-09T12:04:26.540" SemaphoreCount="7" /><!-- duration: 16ms -->
    <step title="LockFile &apos;C:\home\site\locks\deployments.lock&apos; acquired" date="2026-01-09T12:04:26.587" /><!-- duration: 31ms -->
    <step title="Performing fetch based deployment" date="2026-01-09T12:04:26.665" >
      <step title="Creating temporary deployment" date="2026-01-09T12:04:26.681" /><!-- duration: 299ms -->
      <step title="Fetching changes." date="2026-01-09T12:04:27.262" /><!-- duration: 31ms -->
      <step title="Starting LocalZipHandler" date="2026-01-09T12:04:27.340" /><!-- duration: 31ms -->
      <step title="Starting ExtractTriggers" date="2026-01-09T12:04:27.402" /><!-- duration: 31ms -->
      <step title="None repository commit" date="2026-01-09T12:04:27.496" >
        <step title="Commit id: 68b651748a734d25aa66045de5ff39c8" date="2026-01-09T12:04:27.527" Message="Created via a push deployment" AuthorName="N/A" AuthorEmail="N/A" /><!-- duration: 31ms -->
      </step><!-- duration: 94ms -->
      <step title="Before sending BuildRequestReceived status to /api/updatedeploystatus" date="2026-01-09T12:04:27.605" /><!-- duration: 47ms -->
      <step title="DeploymentManager.Deploy(id:68b651748a734d25aa66045de5ff39c8)" date="2026-01-09T12:04:27.668" >
        <step title="Collecting changeset information" date="2026-01-09T12:04:27.730" /><!-- duration: 219ms -->
        <step title="Updating submodules" date="2026-01-09T12:04:27.980" >
          <step title="Updating submodules." date="2026-01-09T12:04:28.199" /><!-- duration: 31ms -->
        </step><!-- duration: 297ms -->
        <step title="Preparing deployment for commit id &apos;68b651748a&apos;." date="2026-01-09T12:04:28.512" /><!-- duration: 16ms -->
        <step title="Determining deployment builder" date="2026-01-09T12:04:28.746" >
          <step title="Builder is RunFromZipSiteBuilder" date="2026-01-09T12:04:28.762" /><!-- duration: 31ms -->
        </step><!-- duration: 63ms -->
        <step title="Copying SSH keys" date="2026-01-09T12:04:28.965" /><!-- duration: 47ms -->
        <step title="Building" date="2026-01-09T12:04:29.027" >
          <step title="Skipping build. Project type: Run-From-Zip" date="2026-01-09T12:04:29.293" /><!-- duration: 16ms -->
          <step title="Skipping post build. Project type: Run-From-Zip" date="2026-01-09T12:04:29.605" /><!-- duration: 16ms -->
          <step title="Triggering recycle (preview mode disabled)." date="2026-01-09T12:04:29.855" /><!-- duration: 31ms -->
          <step title="Ignoring FS watcher based recycle request as this is a classic Windows app." date="2026-01-09T12:04:29.933" /><!-- duration: 31ms -->
          <step title="Deployment successful. DEPLOYMENTINFO: deploymentPath = Functions App ZipDeploy. Run from package., deployer = ZipDeploy, os = windows, sku = Dynamic, language = dotnet-isolated, siteName = func-healthaggregator, slotName = Production, siteHostName = func-healthaggregator.azurewebsites.net, deploymentStatus = Success" date="2026-01-09T12:04:30.215" /><!-- duration: 16ms -->
          <step title="Purge deployment items" date="2026-01-09T12:04:31.152" >
            <step title="Remove 1800469e2, Success, received at 1/6/2026 10:17:05 PM" date="2026-01-09T12:04:31.418" /><!-- duration: 31ms -->
          </step><!-- duration: 312ms -->
        </step><!-- duration: 2578ms -->
      </step><!-- duration: 3969ms -->
      <step title="Cleaning up temp files" date="2026-01-09T12:04:31.668" /><!-- duration: 32ms -->
      <step title="Updating C:\home\data\SitePackages\packagename.txt with deployment 20260109120425.zip" date="2026-01-09T12:04:31.731" /><!-- duration: 62ms -->
      <step title="Begin HttpPost https://func-healthaggregator.scm.azurewebsites.net/operations/settriggers, x-ms-request-id: 85251cbb-8f6a-4b7a-b057-0774c45239c4" date="2026-01-09T12:04:31.908" /><!-- duration: 31ms -->
      <step title="End HttpPost, status: OK" date="2026-01-09T12:04:32.440" /><!-- duration: 16ms -->
      <step title="Scheduling background sync triggers after delay" date="2026-01-09T12:04:32.487" /><!-- duration: 16ms -->
    </step><!-- duration: 6071ms -->
    <step title="LockFile &apos;C:\home\site\locks\deployments.lock&apos; released" date="2026-01-09T12:04:32.783" /><!-- duration: 16ms -->
  </step><!-- duration: 7541ms -->
  <step title="Outgoing response" date="2026-01-09T12:04:32.861" type="response" statusCode="200" statusText="OK" Server="Microsoft-IIS/10.0" x-ms-request-id="85251cbb-8f6a-4b7a-b057-0774c45239c4" Cache-Control="private" X-AspNet-Version="4.0.30319" /><!-- duration: 31ms -->
</step><!-- duration: 7728ms -->
