<step title="Incoming Request" date="2026-01-07T00:12:09.529" instance="951ef6" url="/api/zipdeploy" method="POST" type="request" pid="7188,2,8" Content-Length="5362151" Content-Type="application/zip" Authorization="Bea..." Host="func-healthaggregator.scm.azurewebsites.net" If-Match="*" User-Agent="functions-core-tools/4.5.0" X-ARR-LOG-ID="ec070643-4301-42bc-9529-d6779bbf0bb2" CLIENT-IP="88.223.145.103:56482" X-SITE-DEPLOYMENT-ID="func-healthaggregator" WAS-DEFAULT-HOSTNAME="func-healthaggregator.scm.azurewebsites.net" X-Forwarded-Proto="https" X-AppService-Proto="https" X-Forwarded-TlsVersion="1.3" X-WAWS-Unencoded-URL="/api/zipdeploy" >
  <step title="ZipPushDeploy" date="2026-01-07T00:12:09.639" >
    <step title="Functions App ZipDeploy. Run from package." date="2026-01-07T00:12:09.686" /><!-- duration: 16ms -->
    <step title="Starting PushDeployAsync" date="2026-01-07T00:12:09.748" /><!-- duration: 16ms -->
    <step title="Updating shutdown sentinel last write time" date="2026-01-07T00:12:09.936" SemaphoreCount="7" /><!-- duration: 31ms -->
    <step title="LockFile &apos;C:\home\site\locks\deployments.lock&apos; acquired" date="2026-01-07T00:12:09.983" /><!-- duration: 31ms -->
    <step title="Deleting outdated zip file C:\home\data\SitePackages\20260106221703.zip" date="2026-01-07T00:12:10.108" /><!-- duration: 47ms -->
    <step title="Saving request content to C:\home\data\SitePackages\20260107001209.zip" date="2026-01-07T00:12:10.170" >
      <step title="Total 5,362,151 bytes written to C:\home\data\SitePackages\20260107001209.zip" date="2026-01-07T00:12:10.404" /><!-- duration: 16ms -->
    </step><!-- duration: 425ms -->
    <step title="LockFile &apos;C:\home\site\locks\deployments.lock&apos; released" date="2026-01-07T00:12:10.642" /><!-- duration: 16ms -->
    <step title="Deleting shutdown sentinel file" date="2026-01-07T00:12:10.704" SemaphoreCount="8" /><!-- duration: 31ms -->
    <step title="Starting FetchDeploy" date="2026-01-07T00:12:10.767" /><!-- duration: 31ms -->
    <step title="Attempting to fetch target branch HEAD" date="2026-01-07T00:12:10.814" /><!-- duration: 31ms -->
    <step title="Updating shutdown sentinel last write time" date="2026-01-07T00:12:10.892" SemaphoreCount="7" /><!-- duration: 31ms -->
    <step title="LockFile &apos;C:\home\site\locks\deployments.lock&apos; acquired" date="2026-01-07T00:12:10.954" /><!-- duration: 16ms -->
    <step title="Performing fetch based deployment" date="2026-01-07T00:12:11.017" >
      <step title="Creating temporary deployment" date="2026-01-07T00:12:11.032" /><!-- duration: 254ms -->
      <step title="Fetching changes." date="2026-01-07T00:12:11.583" /><!-- duration: 16ms -->
      <step title="Starting LocalZipHandler" date="2026-01-07T00:12:11.661" /><!-- duration: 31ms -->
      <step title="Starting ExtractTriggers" date="2026-01-07T00:12:11.723" /><!-- duration: 31ms -->
      <step title="None repository commit" date="2026-01-07T00:12:11.848" >
        <step title="Commit id: bda7543a542c40399382a55a047332bf" date="2026-01-07T00:12:11.880" Message="Created via a push deployment" AuthorName="N/A" AuthorEmail="N/A" /><!-- duration: 16ms -->
      </step><!-- duration: 78ms -->
      <step title="Before sending BuildRequestReceived status to /api/updatedeploystatus" date="2026-01-07T00:12:11.958" /><!-- duration: 16ms -->
      <step title="DeploymentManager.Deploy(id:bda7543a542c40399382a55a047332bf)" date="2026-01-07T00:12:12.005" >
        <step title="Collecting changeset information" date="2026-01-07T00:12:12.067" /><!-- duration: 250ms -->
        <step title="Updating submodules" date="2026-01-07T00:12:12.348" >
          <step title="Updating submodules." date="2026-01-07T00:12:12.598" /><!-- duration: 16ms -->
        </step><!-- duration: 312ms -->
        <step title="Preparing deployment for commit id &apos;bda7543a54&apos;." date="2026-01-07T00:12:12.880" /><!-- duration: 31ms -->
        <step title="Determining deployment builder" date="2026-01-07T00:12:13.130" >
          <step title="Builder is RunFromZipSiteBuilder" date="2026-01-07T00:12:13.177" /><!-- duration: 31ms -->
        </step><!-- duration: 109ms -->
        <step title="Copying SSH keys" date="2026-01-07T00:12:13.333" /><!-- duration: 47ms -->
        <step title="Building" date="2026-01-07T00:12:13.411" >
          <step title="Skipping build. Project type: Run-From-Zip" date="2026-01-07T00:12:13.614" /><!-- duration: 31ms -->
          <step title="Skipping post build. Project type: Run-From-Zip" date="2026-01-07T00:12:13.895" /><!-- duration: 16ms -->
          <step title="Triggering recycle (preview mode disabled)." date="2026-01-07T00:12:14.177" /><!-- duration: 31ms -->
          <step title="Ignoring FS watcher based recycle request as this is a classic Windows app." date="2026-01-07T00:12:14.255" /><!-- duration: 109ms -->
          <step title="Deployment successful. DEPLOYMENTINFO: deploymentPath = Functions App ZipDeploy. Run from package., deployer = ZipDeploy, os = windows, sku = Dynamic, language = dotnet-isolated, siteName = func-healthaggregator, slotName = Production, siteHostName = func-healthaggregator.azurewebsites.net, deploymentStatus = Success" date="2026-01-07T00:12:14.567" /><!-- duration: 31ms -->
        </step><!-- duration: 1938ms -->
      </step><!-- duration: 3375ms -->
      <step title="Cleaning up temp files" date="2026-01-07T00:12:15.395" /><!-- duration: 31ms -->
      <step title="Updating C:\home\data\SitePackages\packagename.txt with deployment 20260107001209.zip" date="2026-01-07T00:12:15.458" /><!-- duration: 78ms -->
      <step title="Begin HttpPost https://func-healthaggregator.scm.azurewebsites.net/operations/settriggers, x-ms-request-id: ec070643-4301-42bc-9529-d6779bbf0bb2" date="2026-01-07T00:12:15.630" /><!-- duration: 31ms -->
      <step title="End HttpPost, status: OK" date="2026-01-07T00:12:16.145" /><!-- duration: 16ms -->
      <step title="Scheduling background sync triggers after delay" date="2026-01-07T00:12:16.192" /><!-- duration: 31ms -->
    </step><!-- duration: 5676ms -->
    <step title="LockFile &apos;C:\home\site\locks\deployments.lock&apos; released" date="2026-01-07T00:12:16.723" /><!-- duration: 31ms -->
  </step><!-- duration: 7147ms -->
  <step title="Outgoing response" date="2026-01-07T00:12:16.817" type="response" statusCode="200" statusText="OK" Server="Microsoft-IIS/10.0" x-ms-request-id="ec070643-4301-42bc-9529-d6779bbf0bb2" Cache-Control="private" X-AspNet-Version="4.0.30319" /><!-- duration: 31ms -->
</step><!-- duration: 7350ms -->
