<step title="BackgroundTrace" date="2026-01-11T10:49:45.829" instance="0b505b" url="/api/zipdeploy" method="POST" >
  <step title="Updating shutdown sentinel last write time" date="2026-01-11T10:49:46.079" SemaphoreCount="7" /><!-- duration: 16ms -->
  <step title="LockFile &apos;C:\home\site\locks\deployments.lock&apos; acquired" date="2026-01-11T10:49:46.110" /><!-- duration: 31ms -->
  <step title="Creating temporary deployment" date="2026-01-11T10:49:46.157" /><!-- duration: 188ms -->
  <step title="Performing fetch based deployment" date="2026-01-11T10:49:46.376" >
    <step title="Fetching changes." date="2026-01-11T10:49:46.579" /><!-- duration: 16ms -->
    <step title="Starting LocalZipHandler" date="2026-01-11T10:49:46.610" /><!-- duration: 31ms -->
    <step title="Starting ExtractTriggers" date="2026-01-11T10:49:46.673" /><!-- duration: 16ms -->
    <step title="Before sending BuildRequestReceived status to /api/updatedeploystatus" date="2026-01-11T10:49:46.782" /><!-- duration: 16ms -->
    <step title="DeploymentManager.Deploy(id:681dfd2cf70e4e429193ad8a66477e46)" date="2026-01-11T10:49:46.829" >
      <step title="Collecting changeset information" date="2026-01-11T10:49:46.860" /><!-- duration: 141ms -->
      <step title="Updating submodules" date="2026-01-11T10:49:47.032" >
        <step title="Updating submodules." date="2026-01-11T10:49:47.235" /><!-- duration: 16ms -->
      </step><!-- duration: 234ms -->
      <step title="Preparing deployment for commit id &apos;681dfd2cf7&apos;." date="2026-01-11T10:49:47.454" /><!-- duration: 16ms -->
      <step title="Determining deployment builder" date="2026-01-11T10:49:47.610" >
        <step title="Builder is RunFromZipSiteBuilder" date="2026-01-11T10:49:47.641" /><!-- duration: 16ms -->
      </step><!-- duration: 62ms -->
      <step title="Copying SSH keys" date="2026-01-11T10:49:47.782" /><!-- duration: 31ms -->
      <step title="Building" date="2026-01-11T10:49:47.829" >
        <step title="Skipping build. Project type: Run-From-Zip" date="2026-01-11T10:49:47.970" /><!-- duration: 16ms -->
        <step title="Skipping post build. Project type: Run-From-Zip" date="2026-01-11T10:49:48.141" /><!-- duration: 16ms -->
        <step title="Triggering recycle (preview mode disabled)." date="2026-01-11T10:49:48.314" /><!-- duration: 31ms -->
        <step title="Ignoring FS watcher based recycle request as this is a classic Windows app." date="2026-01-11T10:49:48.361" /><!-- duration: 31ms -->
        <step title="Deployment successful. DEPLOYMENTINFO: deploymentPath = Functions App ZipDeploy. Run from package., deployer = az_cli_functions, os = windows, sku = Dynamic, language = dotnet-isolated, siteName = func-healthaggregator, slotName = Production, siteHostName = func-healthaggregator.azurewebsites.net, deploymentStatus = Success" date="2026-01-11T10:49:48.533" /><!-- duration: 31ms -->
        <step title="Purge deployment items" date="2026-01-11T10:49:49.205" >
          <step title="Remove 1ebc9d42d, Success, received at 1/7/2026 2:37:41 PM" date="2026-01-11T10:49:49.408" /><!-- duration: 16ms -->
        </step><!-- duration: 234ms -->
      </step><!-- duration: 1673ms -->
    </step><!-- duration: 2704ms -->
    <step title="Cleaning up temp files" date="2026-01-11T10:49:49.549" /><!-- duration: 31ms -->
    <step title="Updating C:\home\data\SitePackages\packagename.txt with deployment 20260111104944.zip" date="2026-01-11T10:49:49.596" /><!-- duration: 47ms -->
    <step title="Begin HttpPost https://func-healthaggregator.scm.azurewebsites.net/operations/settriggers, x-ms-request-id: 3169c65f-eedb-11f0-963d-70a6cc1c43fe" date="2026-01-11T10:49:49.736" /><!-- duration: 16ms -->
    <step title="End HttpPost, status: OK" date="2026-01-11T10:49:50.221" /><!-- duration: 16ms -->
    <step title="Scheduling background sync triggers after delay" date="2026-01-11T10:49:50.252" /><!-- duration: 16ms -->
  </step><!-- duration: 4063ms -->
  <step title="LockFile &apos;C:\home\site\locks\deployments.lock&apos; released" date="2026-01-11T10:49:50.471" /><!-- duration: 16ms -->
</step><!-- duration: 4688ms -->
