<step title="BackgroundTrace" date="2026-01-11T10:49:59.229" instance="0b505b" url="/api/zipdeploy" method="POST" >
  <step title="Updating shutdown sentinel last write time" date="2026-01-11T10:49:59.276" SemaphoreCount="6" /><!-- duration: 16ms -->
  <step title="LockFile &apos;C:\home\site\locks\deployments.lock&apos; acquired" date="2026-01-11T10:49:59.323" /><!-- duration: 16ms -->
  <step title="Creating temporary deployment" date="2026-01-11T10:49:59.354" /><!-- duration: 109ms -->
  <step title="Performing fetch based deployment" date="2026-01-11T10:49:59.479" >
    <step title="Fetching changes." date="2026-01-11T10:49:59.635" /><!-- duration: 16ms -->
    <step title="Starting LocalZipHandler" date="2026-01-11T10:49:59.667" /><!-- duration: 16ms -->
    <step title="Starting ExtractTriggers" date="2026-01-11T10:49:59.698" /><!-- duration: 16ms -->
    <step title="Before sending BuildRequestReceived status to /api/updatedeploystatus" date="2026-01-11T10:49:59.776" /><!-- duration: 16ms -->
    <step title="DeploymentManager.Deploy(id:b0625f7dd6d34314a6743a9e70b91411)" date="2026-01-11T10:49:59.807" >
      <step title="Collecting changeset information" date="2026-01-11T10:49:59.838" /><!-- duration: 141ms -->
      <step title="Updating submodules" date="2026-01-11T10:49:59.995" >
        <step title="Updating submodules." date="2026-01-11T10:50:00.182" /><!-- duration: 16ms -->
      </step><!-- duration: 219ms -->
      <step title="Preparing deployment for commit id &apos;b0625f7dd6&apos;." date="2026-01-11T10:50:00.370" /><!-- duration: 31ms -->
      <step title="Determining deployment builder" date="2026-01-11T10:50:00.542" >
        <step title="Builder is RunFromZipSiteBuilder" date="2026-01-11T10:50:00.557" /><!-- duration: 16ms -->
      </step><!-- duration: 47ms -->
      <step title="Copying SSH keys" date="2026-01-11T10:50:00.635" /><!-- duration: 31ms -->
      <step title="Building" date="2026-01-11T10:50:00.682" >
        <step title="Skipping build. Project type: Run-From-Zip" date="2026-01-11T10:50:00.885" /><!-- duration: 16ms -->
        <step title="Skipping post build. Project type: Run-From-Zip" date="2026-01-11T10:50:01.042" /><!-- duration: 16ms -->
        <step title="Triggering recycle (preview mode disabled)." date="2026-01-11T10:50:01.213" /><!-- duration: 16ms -->
        <step title="Ignoring FS watcher based recycle request as this is a classic Windows app." date="2026-01-11T10:50:01.245" /><!-- duration: 16ms -->
        <step title="Deployment successful. DEPLOYMENTINFO: deploymentPath = Functions App ZipDeploy. Run from package., deployer = GITHUB_ZIP_DEPLOY_FUNCTIONS_V1, os = windows, sku = Dynamic, language = dotnet-isolated, siteName = func-healthaggregator, slotName = Production, siteHostName = func-healthaggregator.azurewebsites.net, deploymentStatus = Success" date="2026-01-11T10:50:01.417" /><!-- duration: 16ms -->
        <step title="Purge deployment items" date="2026-01-11T10:50:01.729" >
          <step title="Remove 5d8ca0b91, Success, received at 1/8/2026 6:05:20 PM" date="2026-01-11T10:50:01.948" /><!-- duration: 16ms -->
        </step><!-- duration: 250ms -->
      </step><!-- duration: 1375ms -->
    </step><!-- duration: 2266ms -->
    <step title="Cleaning up temp files" date="2026-01-11T10:50:02.088" /><!-- duration: 16ms -->
    <step title="Updating C:\home\data\SitePackages\packagename.txt with deployment 20260111104958.zip" date="2026-01-11T10:50:02.120" /><!-- duration: 31ms -->
    <step title="Begin HttpPost https://func-healthaggregator.scm.azurewebsites.net/operations/settriggers, x-ms-request-id: 2733cbfa-47b7-46f0-9247-875c1422b4ac" date="2026-01-11T10:50:02.182" /><!-- duration: 16ms -->
    <step title="End HttpPost, status: OK" date="2026-01-11T10:50:02.260" /><!-- duration: 16ms -->
    <step title="Scheduling background sync triggers after delay" date="2026-01-11T10:50:02.307" /><!-- duration: 16ms -->
  </step><!-- duration: 3016ms -->
  <step title="LockFile &apos;C:\home\site\locks\deployments.lock&apos; released" date="2026-01-11T10:50:02.526" /><!-- duration: 16ms -->
</step><!-- duration: 3344ms -->
