<step title="Incoming Request" date="2026-01-06T22:23:19.558" instance="dcf5fd" url="/api/zipdeploy" method="POST" type="request" pid="6904,2,8" Content-Length="5333598" Content-Type="application/zip" Authorization="Bea..." Host="func-healthaggregator.scm.azurewebsites.net" If-Match="*" User-Agent="functions-core-tools/4.5.0" X-ARR-LOG-ID="395784b7-f8ad-4d70-8b4c-ca8c3f17ad4d" CLIENT-IP="88.223.145.103:49913" X-SITE-DEPLOYMENT-ID="func-healthaggregator" WAS-DEFAULT-HOSTNAME="func-healthaggregator.scm.azurewebsites.net" X-Forwarded-Proto="https" X-AppService-Proto="https" X-Forwarded-TlsVersion="1.3" X-WAWS-Unencoded-URL="/api/zipdeploy" >
  <step title="ZipPushDeploy" date="2026-01-06T22:23:19.636" >
    <step title="Functions App ZipDeploy. Run from package." date="2026-01-06T22:23:19.667" /><!-- duration: 16ms -->
    <step title="Starting PushDeployAsync" date="2026-01-06T22:23:19.699" /><!-- duration: 31ms -->
    <step title="Updating shutdown sentinel last write time" date="2026-01-06T22:23:19.808" SemaphoreCount="7" /><!-- duration: 16ms -->
    <step title="LockFile &apos;C:\home\site\locks\deployments.lock&apos; acquired" date="2026-01-06T22:23:19.839" /><!-- duration: 16ms -->
    <step title="Deleting outdated zip file C:\home\data\SitePackages\20260105225832.zip" date="2026-01-06T22:23:19.886" /><!-- duration: 31ms -->
    <step title="Saving request content to C:\home\data\SitePackages\20260106222319.zip" date="2026-01-06T22:23:19.949" >
      <step title="Total 5,333,598 bytes written to C:\home\data\SitePackages\20260106222319.zip" date="2026-01-06T22:23:20.139" /><!-- duration: 13ms -->
    </step><!-- duration: 328ms -->
    <step title="LockFile &apos;C:\home\site\locks\deployments.lock&apos; released" date="2026-01-06T22:23:20.324" /><!-- duration: 16ms -->
    <step title="Deleting shutdown sentinel file" date="2026-01-06T22:23:20.370" SemaphoreCount="8" /><!-- duration: 16ms -->
    <step title="Starting FetchDeploy" date="2026-01-06T22:23:20.402" /><!-- duration: 16ms -->
    <step title="Attempting to fetch target branch HEAD" date="2026-01-06T22:23:20.449" /><!-- duration: 16ms -->
    <step title="Updating shutdown sentinel last write time" date="2026-01-06T22:23:20.495" SemaphoreCount="7" /><!-- duration: 16ms -->
    <step title="LockFile &apos;C:\home\site\locks\deployments.lock&apos; acquired" date="2026-01-06T22:23:20.527" /><!-- duration: 16ms -->
    <step title="Performing fetch based deployment" date="2026-01-06T22:23:20.558" >
      <step title="Creating temporary deployment" date="2026-01-06T22:23:20.589" /><!-- duration: 141ms -->
      <step title="Fetching changes." date="2026-01-06T22:23:20.902" /><!-- duration: 31ms -->
      <step title="Starting LocalZipHandler" date="2026-01-06T22:23:20.964" /><!-- duration: 16ms -->
      <step title="Starting ExtractTriggers" date="2026-01-06T22:23:20.995" /><!-- duration: 16ms -->
      <step title="None repository commit" date="2026-01-06T22:23:21.089" >
        <step title="Commit id: 32ad7d3ccb0b47a0b962e9140da1ca8c" date="2026-01-06T22:23:21.120" Message="Created via a push deployment" AuthorName="N/A" AuthorEmail="N/A" /><!-- duration: 16ms -->
      </step><!-- duration: 62ms -->
      <step title="Before sending BuildRequestReceived status to /api/updatedeploystatus" date="2026-01-06T22:23:21.167" /><!-- duration: 16ms -->
      <step title="DeploymentManager.Deploy(id:32ad7d3ccb0b47a0b962e9140da1ca8c)" date="2026-01-06T22:23:21.199" >
        <step title="Collecting changeset information" date="2026-01-06T22:23:21.245" /><!-- duration: 125ms -->
        <step title="Updating submodules" date="2026-01-06T22:23:21.386" >
          <step title="Updating submodules." date="2026-01-06T22:23:21.548" /><!-- duration: 27ms -->
        </step><!-- duration: 220ms -->
        <step title="Preparing deployment for commit id &apos;32ad7d3ccb&apos;." date="2026-01-06T22:23:21.762" /><!-- duration: 16ms -->
        <step title="Determining deployment builder" date="2026-01-06T22:23:21.918" >
          <step title="Builder is RunFromZipSiteBuilder" date="2026-01-06T22:23:21.950" /><!-- duration: 16ms -->
        </step><!-- duration: 63ms -->
        <step title="Copying SSH keys" date="2026-01-06T22:23:22.059" /><!-- duration: 31ms -->
        <step title="Building" date="2026-01-06T22:23:22.106" >
          <step title="Skipping build. Project type: Run-From-Zip" date="2026-01-06T22:23:22.262" /><!-- duration: 31ms -->
          <step title="Skipping post build. Project type: Run-From-Zip" date="2026-01-06T22:23:22.450" /><!-- duration: 16ms -->
          <step title="Triggering recycle (preview mode disabled)." date="2026-01-06T22:23:22.653" /><!-- duration: 16ms -->
          <step title="Ignoring FS watcher based recycle request as this is a classic Windows app." date="2026-01-06T22:23:22.716" /><!-- duration: 16ms -->
          <step title="Deployment successful. DEPLOYMENTINFO: deploymentPath = Functions App ZipDeploy. Run from package., deployer = ZipDeploy, os = windows, sku = Dynamic, language = dotnet-isolated, siteName = func-healthaggregator, slotName = Production, siteHostName = func-healthaggregator.azurewebsites.net, deploymentStatus = Success" date="2026-01-06T22:23:22.888" /><!-- duration: 16ms -->
        </step><!-- duration: 1329ms -->
      </step><!-- duration: 2252ms -->
      <step title="Cleaning up temp files" date="2026-01-06T22:23:23.466" /><!-- duration: 16ms -->
      <step title="Updating C:\home\data\SitePackages\packagename.txt with deployment 20260106222319.zip" date="2026-01-06T22:23:23.513" /><!-- duration: 62ms -->
      <step title="Begin HttpPost https://func-healthaggregator.scm.azurewebsites.net/operations/settriggers, x-ms-request-id: 395784b7-f8ad-4d70-8b4c-ca8c3f17ad4d" date="2026-01-06T22:23:23.653" /><!-- duration: 16ms -->
      <step title="End HttpPost, status: OK" date="2026-01-06T22:23:24.106" /><!-- duration: 16ms -->
      <step title="Scheduling background sync triggers after delay" date="2026-01-06T22:23:24.138" /><!-- duration: 16ms -->
    </step><!-- duration: 3814ms -->
    <step title="LockFile &apos;C:\home\site\locks\deployments.lock&apos; released" date="2026-01-06T22:23:24.388" /><!-- duration: 31ms -->
    <step title="Deleting shutdown sentinel file" date="2026-01-06T22:23:24.450" SemaphoreCount="8" /><!-- duration: 16ms -->
  </step><!-- duration: 4845ms -->
  <step title="Outgoing response" date="2026-01-06T22:23:24.638" type="response" statusCode="200" statusText="OK" Server="Microsoft-IIS/10.0" x-ms-request-id="395784b7-f8ad-4d70-8b4c-ca8c3f17ad4d" Cache-Control="private" X-AspNet-Version="4.0.30319" /><!-- duration: 16ms -->
</step><!-- duration: 5111ms -->
