<step title="BackgroundTrace" date="2026-01-06T22:23:24.544" instance="dcf5fd" url="synctriggers-operation" method="POST" >
  <step title="Updating shutdown sentinel last write time" date="2026-01-06T22:23:24.560" SemaphoreCount="7" /><!-- duration: 16ms -->
  <step title="Delaying &apos;00:01:00&apos; for Functions site to restart." date="2026-01-06T22:23:24.606" /><!-- duration: 16ms -->
  <step title="Begin HttpPost https://func-healthaggregator.azurewebsites.net/admin/host/synctriggers, x-ms-request-id: 395784b7-f8ad-4d70-8b4c-ca8c3f17ad4d" date="2026-01-06T22:24:24.667" /><!-- duration: 32ms -->
  <step title="End HttpPost, status: ServiceUnavailable" date="2026-01-06T22:24:24.807" /><!-- duration: 16ms -->
  <step title="Begin HttpPost https://func-healthaggregator.azurewebsites.net/admin/host/synctriggers, x-ms-request-id: 395784b7-f8ad-4d70-8b4c-ca8c3f17ad4d" date="2026-01-06T22:24:25.861" /><!-- duration: 16ms -->
  <step title="End HttpPost, status: ServiceUnavailable" date="2026-01-06T22:24:25.970" /><!-- duration: 16ms -->
  <step title="Begin HttpPost https://func-healthaggregator.azurewebsites.net/admin/host/synctriggers, x-ms-request-id: 395784b7-f8ad-4d70-8b4c-ca8c3f17ad4d" date="2026-01-06T22:24:27.010" /><!-- duration: 16ms -->
  <step title="End HttpPost, status: ServiceUnavailable" date="2026-01-06T22:24:27.119" /><!-- duration: 31ms -->
  <step title="Syncing function triggers by calling the functions runtime site failed. System.Net.Http.HttpRequestException: Response status code does not indicate success: 503 (Service Unavailable).
   at System.Net.Http.HttpResponseMessage.EnsureSuccessStatusCode()
   at Kudu.Core.Helpers.PostDeploymentHelper.&lt;PostAsync&gt;d__49.MoveNext()
--- End of stack trace from previous location where exception was thrown ---
   at System.Runtime.ExceptionServices.ExceptionDispatchInfo.Throw()
   at System.Runtime.CompilerServices.TaskAwaiter.HandleNonSuccessAndDebuggerNotification(Task task)
   at Kudu.Core.Helpers.PostDeploymentHelper.&lt;&gt;c__DisplayClass38_0.&lt;&lt;TryFunctionsRuntimeSyncTriggers&gt;b__1&gt;d.MoveNext()
--- End of stack trace from previous location where exception was thrown ---
   at System.Runtime.ExceptionServices.ExceptionDispatchInfo.Throw()
   at System.Runtime.CompilerServices.TaskAwaiter.HandleNonSuccessAndDebuggerNotification(Task task)
   at Kudu.Core.Infrastructure.OperationManager.&lt;&gt;c__DisplayClass4_0.&lt;&lt;AttemptAsync&gt;b__0&gt;d.MoveNext()
--- End of stack trace from previous location where exception was thrown ---
   at System.Runtime.ExceptionServices.ExceptionDispatchInfo.Throw()
   at Kudu.Core.Infrastructure.OperationManager.&lt;AttemptAsync&gt;d__5`1.MoveNext()
--- End of stack trace from previous location where exception was thrown ---
   at System.Runtime.ExceptionServices.ExceptionDispatchInfo.Throw()
   at System.Runtime.CompilerServices.TaskAwaiter.HandleNonSuccessAndDebuggerNotification(Task task)
   at Kudu.Core.Helpers.PostDeploymentHelper.&lt;TryFunctionsRuntimeSyncTriggers&gt;d__38.MoveNext()" date="2026-01-06T22:24:27.166" /><!-- duration: 16ms -->
  <step title="Attempting to perform settriggers call directly." date="2026-01-06T22:24:27.198" /><!-- duration: 16ms -->
  <step title="Begin HttpPost https://func-healthaggregator.scm.azurewebsites.net/operations/settriggers, x-ms-request-id: 395784b7-f8ad-4d70-8b4c-ca8c3f17ad4d" date="2026-01-06T22:24:27.276" /><!-- duration: 16ms -->
  <step title="End HttpPost, status: OK" date="2026-01-06T22:24:27.510" /><!-- duration: 16ms -->
  <step title="Syncing 0 function triggers with payload size 15 bytes successful." date="2026-01-06T22:24:27.541" /><!-- duration: 16ms -->
  <step title="Deleting shutdown sentinel file" date="2026-01-06T22:24:27.573" SemaphoreCount="8" /><!-- duration: 16ms -->
</step><!-- duration: 63060ms -->
