<step title="Incoming Request" date="2026-01-11T10:49:43.813" instance="0b505b" url="/api/zipdeploy?isAsync=true&amp;Deployer=az_cli_functions" method="POST" type="request" pid="4488,2,5" Cache-Control="no-cache" Connection="Keep-Alive" Content-Length="12337682" Content-Type="application/octet-stream" Accept="*/*" Accept-Encoding="gzip, deflate" Authorization="Bea..." Host="func-healthaggregator.scm.azurewebsites.net" User-Agent="AZURECLI/2.80.0 (MSI)" x-ms-client-request-id="3169c65f-eedb-11f0-963d-70a6cc1c43fe" X-ARR-LOG-ID="3169c65f-eedb-11f0-963d-70a6cc1c43fe" CLIENT-IP="88.223.145.103:64883" X-SITE-DEPLOYMENT-ID="func-healthaggregator" WAS-DEFAULT-HOSTNAME="func-healthaggregator.scm.azurewebsites.net" X-Forwarded-Proto="https" X-AppService-Proto="https" X-Forwarded-TlsVersion="1.3" X-WAWS-Unencoded-URL="/api/zipdeploy?isAsync=true&amp;Deployer=az_cli_functions" X-MS-COLDSTART="1" >
  <step title="ZipPushDeploy" date="2026-01-11T10:49:44.688" >
    <step title="Functions App ZipDeploy. Run from package." date="2026-01-11T10:49:44.735" /><!-- duration: 16ms -->
    <step title="Starting PushDeployAsync" date="2026-01-11T10:49:44.766" /><!-- duration: 16ms -->
    <step title="Updating shutdown sentinel last write time" date="2026-01-11T10:49:44.907" SemaphoreCount="7" /><!-- duration: 16ms -->
    <step title="LockFile &apos;C:\home\site\locks\deployments.lock&apos; acquired" date="2026-01-11T10:49:44.938" /><!-- duration: 16ms -->
    <step title="Deleting outdated zip file C:\home\data\SitePackages\20260109122232.zip" date="2026-01-11T10:49:45.001" /><!-- duration: 31ms -->
    <step title="Saving request content to C:\home\data\SitePackages\20260111104944.zip" date="2026-01-11T10:49:45.048" >
      <step title="Total 12,337,682 bytes written to C:\home\data\SitePackages\20260111104944.zip" date="2026-01-11T10:49:45.423" /><!-- duration: 16ms -->
    </step><!-- duration: 609ms -->
    <step title="LockFile &apos;C:\home\site\locks\deployments.lock&apos; released" date="2026-01-11T10:49:45.688" /><!-- duration: 16ms -->
    <step title="Deleting shutdown sentinel file" date="2026-01-11T10:49:45.735" SemaphoreCount="8" /><!-- duration: 16ms -->
    <step title="Starting FetchDeploy" date="2026-01-11T10:49:45.782" /><!-- duration: 16ms -->
    <step title="Start deployment in the background" date="2026-01-11T10:49:45.813" /><!-- duration: 1016ms -->
  </step><!-- duration: 2156ms -->
  <step title="Outgoing response" date="2026-01-11T10:49:47.095" type="response" statusCode="202" statusText="Accepted" Server="Microsoft-IIS/10.0" x-ms-request-id="3169c65f-eedb-11f0-963d-70a6cc1c43fe" Retry-After="30" Cache-Control="private" X-AspNet-Version="4.0.30319" Location="https://func-healthaggregator.scm.azurewebsites.net/api/deployments/latest?deployer=az_cli_functions&amp;time=2026-01-11_10-49-46Z" /><!-- duration: 16ms -->
</step><!-- duration: 3313ms -->
