<step title="BackgroundTrace" date="2026-01-08T21:45:43.968" instance="28f0e4" url="/api/zipdeploy" method="POST" >
  <step title="Updating shutdown sentinel last write time" date="2026-01-08T21:45:43.999" SemaphoreCount="7" /><!-- duration: 16ms -->
  <step title="LockFile &apos;C:\home\site\locks\deployments.lock&apos; acquired" date="2026-01-08T21:45:44.046" /><!-- duration: 31ms -->
  <step title="Creating temporary deployment" date="2026-01-08T21:45:44.093" /><!-- duration: 141ms -->
  <step title="Performing fetch based deployment" date="2026-01-08T21:45:44.265" >
    <step title="Fetching changes." date="2026-01-08T21:45:44.483" /><!-- duration: 16ms -->
    <step title="Starting LocalZipHandler" date="2026-01-08T21:45:44.530" /><!-- duration: 16ms -->
    <step title="Starting ExtractTriggers" date="2026-01-08T21:45:44.577" /><!-- duration: 31ms -->
    <step title="Before sending BuildRequestReceived status to /api/updatedeploystatus" date="2026-01-08T21:45:44.655" /><!-- duration: 16ms -->
    <step title="DeploymentManager.Deploy(id:f28f76517b8d40a6b0a9e021b875dd32)" date="2026-01-08T21:45:44.702" >
      <step title="Collecting changeset information" date="2026-01-08T21:45:44.749" /><!-- duration: 156ms -->
      <step title="Updating submodules" date="2026-01-08T21:45:44.937" >
        <step title="Updating submodules." date="2026-01-08T21:45:45.124" /><!-- duration: 16ms -->
      </step><!-- duration: 234ms -->
      <step title="Preparing deployment for commit id &apos;f28f76517b&apos;." date="2026-01-08T21:45:45.358" /><!-- duration: 16ms -->
      <step title="Determining deployment builder" date="2026-01-08T21:45:45.562" >
        <step title="Builder is RunFromZipSiteBuilder" date="2026-01-08T21:45:45.577" /><!-- duration: 16ms -->
      </step><!-- duration: 62ms -->
      <step title="Copying SSH keys" date="2026-01-08T21:45:45.687" /><!-- duration: 31ms -->
      <step title="Building" date="2026-01-08T21:45:45.749" >
        <step title="Skipping build. Project type: Run-From-Zip" date="2026-01-08T21:45:46.204" /><!-- duration: 30ms -->
        <step title="Skipping post build. Project type: Run-From-Zip" date="2026-01-08T21:45:46.422" /><!-- duration: 31ms -->
        <step title="Triggering recycle (preview mode disabled)." date="2026-01-08T21:45:46.656" /><!-- duration: 16ms -->
        <step title="Ignoring FS watcher based recycle request as this is a classic Windows app." date="2026-01-08T21:45:46.687" /><!-- duration: 31ms -->
        <step title="Deployment successful. DEPLOYMENTINFO: deploymentPath = Functions App ZipDeploy. Run from package., deployer = GITHUB_ZIP_DEPLOY_FUNCTIONS_V1, os = windows, sku = Dynamic, language = dotnet-isolated, siteName = func-healthaggregator, slotName = Production, siteHostName = func-healthaggregator.azurewebsites.net, deploymentStatus = Success" date="2026-01-08T21:45:46.922" /><!-- duration: 31ms -->
        <step title="Purge deployment items" date="2026-01-08T21:45:47.266" >
          <step title="Remove c6cbd5201, Success, received at 1/5/2026 10:58:33 PM" date="2026-01-08T21:45:47.516" /><!-- duration: 16ms -->
        </step><!-- duration: 281ms -->
      </step><!-- duration: 1892ms -->
    </step><!-- duration: 2970ms -->
    <step title="Cleaning up temp files" date="2026-01-08T21:45:47.688" /><!-- duration: 16ms -->
    <step title="Updating C:\home\data\SitePackages\packagename.txt with deployment 20260108214543.zip" date="2026-01-08T21:45:47.734" /><!-- duration: 78ms -->
    <step title="Begin HttpPost https://func-healthaggregator.scm.azurewebsites.net/operations/settriggers, x-ms-request-id: 7373e592-3ee7-47db-a621-a2fe05886a9e" date="2026-01-08T21:45:47.844" /><!-- duration: 16ms -->
    <step title="End HttpPost, status: OK" date="2026-01-08T21:45:48.188" /><!-- duration: 31ms -->
    <step title="Scheduling background sync triggers after delay" date="2026-01-08T21:45:48.234" /><!-- duration: 31ms -->
  </step><!-- duration: 4079ms -->
  <step title="LockFile &apos;C:\home\site\locks\deployments.lock&apos; released" date="2026-01-08T21:45:48.375" /><!-- duration: 31ms -->
</step><!-- duration: 4470ms -->
