<step title="BackgroundTrace" date="2026-01-10T23:00:54.794" instance="9588b7" url="/api/zipdeploy" method="POST" >
  <step title="Updating shutdown sentinel last write time" date="2026-01-10T23:00:54.840" SemaphoreCount="7" /><!-- duration: 31ms -->
  <step title="LockFile &apos;C:\home\site\locks\deployments.lock&apos; acquired" date="2026-01-10T23:00:54.887" /><!-- duration: 16ms -->
  <step title="Creating temporary deployment" date="2026-01-10T23:00:54.934" /><!-- duration: 188ms -->
  <step title="Performing fetch based deployment" date="2026-01-10T23:00:55.153" >
    <step title="Fetching changes." date="2026-01-10T23:00:55.387" /><!-- duration: 31ms -->
    <step title="Starting LocalZipHandler" date="2026-01-10T23:00:55.450" /><!-- duration: 16ms -->
    <step title="Starting ExtractTriggers" date="2026-01-10T23:00:55.497" /><!-- duration: 31ms -->
    <step title="Before sending BuildRequestReceived status to /api/updatedeploystatus" date="2026-01-10T23:00:55.606" /><!-- duration: 16ms -->
    <step title="DeploymentManager.Deploy(id:d54af2ec6fbc4f5e9f21fc5808b2681c)" date="2026-01-10T23:00:55.653" >
      <step title="Collecting changeset information" date="2026-01-10T23:00:55.715" /><!-- duration: 172ms -->
      <step title="Updating submodules" date="2026-01-10T23:00:55.919" >
        <step title="Updating submodules." date="2026-01-10T23:00:56.106" /><!-- duration: 16ms -->
      </step><!-- duration: 234ms -->
      <step title="Preparing deployment for commit id &apos;d54af2ec6f&apos;." date="2026-01-10T23:00:56.372" /><!-- duration: 16ms -->
      <step title="Determining deployment builder" date="2026-01-10T23:00:57.090" >
        <step title="Builder is RunFromZipSiteBuilder" date="2026-01-10T23:00:57.106" /><!-- duration: 31ms -->
      </step><!-- duration: 63ms -->
      <step title="Copying SSH keys" date="2026-01-10T23:00:57.231" /><!-- duration: 47ms -->
      <step title="Building" date="2026-01-10T23:00:57.294" >
        <step title="Skipping build. Project type: Run-From-Zip" date="2026-01-10T23:00:57.497" /><!-- duration: 31ms -->
        <step title="Skipping post build. Project type: Run-From-Zip" date="2026-01-10T23:00:57.747" /><!-- duration: 16ms -->
        <step title="Triggering recycle (preview mode disabled)." date="2026-01-10T23:00:57.981" /><!-- duration: 16ms -->
        <step title="Ignoring FS watcher based recycle request as this is a classic Windows app." date="2026-01-10T23:00:58.012" /><!-- duration: 31ms -->
        <step title="Deployment successful. DEPLOYMENTINFO: deploymentPath = Functions App ZipDeploy. Run from package., deployer = GITHUB_ZIP_DEPLOY_FUNCTIONS_V1, os = windows, sku = Dynamic, language = dotnet-isolated, siteName = func-healthaggregator, slotName = Production, siteHostName = func-healthaggregator.azurewebsites.net, deploymentStatus = Success" date="2026-01-10T23:00:58.247" /><!-- duration: 16ms -->
        <step title="Purge deployment items" date="2026-01-10T23:00:58.606" >
          <step title="Remove bda7543a5, Success, received at 1/7/2026 12:12:12 AM" date="2026-01-10T23:00:58.903" /><!-- duration: 16ms -->
        </step><!-- duration: 344ms -->
      </step><!-- duration: 1750ms -->
    </step><!-- duration: 3422ms -->
    <step title="Cleaning up temp files" date="2026-01-10T23:00:59.106" /><!-- duration: 16ms -->
    <step title="Updating C:\home\data\SitePackages\packagename.txt with deployment 20260110230053.zip" date="2026-01-10T23:00:59.153" /><!-- duration: 78ms -->
    <step title="Begin HttpPost https://func-healthaggregator.scm.azurewebsites.net/operations/settriggers, x-ms-request-id: 9bbf8103-0dfc-46d0-889d-2ff1a6072485" date="2026-01-10T23:00:59.294" /><!-- duration: 31ms -->
    <step title="End HttpPost, status: OK" date="2026-01-10T23:00:59.762" /><!-- duration: 31ms -->
    <step title="Scheduling background sync triggers after delay" date="2026-01-10T23:00:59.809" /><!-- duration: 16ms -->
  </step><!-- duration: 4766ms -->
  <step title="LockFile &apos;C:\home\site\locks\deployments.lock&apos; released" date="2026-01-10T23:00:59.950" /><!-- duration: 16ms -->
</step><!-- duration: 5219ms -->
