<step title="Incoming Request" date="2026-01-09T12:22:31.875" instance="9dfc7a" url="/api/zipdeploy" method="POST" type="request" pid="5916,2,8" Content-Length="5395755" Content-Type="application/zip" Authorization="Bea..." Host="func-healthaggregator.scm.azurewebsites.net" If-Match="*" User-Agent="functions-core-tools/4.5.0" X-ARR-LOG-ID="9ac7b309-b7da-4092-9691-696eea8c5657" CLIENT-IP="88.223.145.103:62949" X-SITE-DEPLOYMENT-ID="func-healthaggregator" WAS-DEFAULT-HOSTNAME="func-healthaggregator.scm.azurewebsites.net" X-Forwarded-Proto="https" X-AppService-Proto="https" X-Forwarded-TlsVersion="1.3" X-WAWS-Unencoded-URL="/api/zipdeploy" >
  <step title="ZipPushDeploy" date="2026-01-09T12:22:32.015" >
    <step title="Functions App ZipDeploy. Run from package." date="2026-01-09T12:22:32.078" /><!-- duration: 31ms -->
    <step title="Starting PushDeployAsync" date="2026-01-09T12:22:32.156" /><!-- duration: 31ms -->
    <step title="Updating shutdown sentinel last write time" date="2026-01-09T12:22:32.296" SemaphoreCount="7" /><!-- duration: 31ms -->
    <step title="LockFile &apos;C:\home\site\locks\deployments.lock&apos; acquired" date="2026-01-09T12:22:32.359" /><!-- duration: 16ms -->
    <step title="Deleting outdated zip file C:\home\data\SitePackages\20260108214543.zip" date="2026-01-09T12:22:32.437" /><!-- duration: 47ms -->
    <step title="Saving request content to C:\home\data\SitePackages\20260109122232.zip" date="2026-01-09T12:22:32.515" >
      <step title="Total 5,395,755 bytes written to C:\home\data\SitePackages\20260109122232.zip" date="2026-01-09T12:22:32.765" /><!-- duration: 32ms -->
    </step><!-- duration: 453ms -->
    <step title="LockFile &apos;C:\home\site\locks\deployments.lock&apos; released" date="2026-01-09T12:22:33.015" /><!-- duration: 32ms -->
    <step title="Deleting shutdown sentinel file" date="2026-01-09T12:22:33.109" SemaphoreCount="8" /><!-- duration: 31ms -->
    <step title="Starting FetchDeploy" date="2026-01-09T12:22:33.187" /><!-- duration: 16ms -->
    <step title="Attempting to fetch target branch HEAD" date="2026-01-09T12:22:33.249" /><!-- duration: 16ms -->
    <step title="Updating shutdown sentinel last write time" date="2026-01-09T12:22:33.329" SemaphoreCount="7" /><!-- duration: 30ms -->
    <step title="LockFile &apos;C:\home\site\locks\deployments.lock&apos; acquired" date="2026-01-09T12:22:33.374" /><!-- duration: 31ms -->
    <step title="Performing fetch based deployment" date="2026-01-09T12:22:33.453" >
      <step title="Creating temporary deployment" date="2026-01-09T12:22:33.468" /><!-- duration: 234ms -->
      <step title="Fetching changes." date="2026-01-09T12:22:33.986" /><!-- duration: 29ms -->
      <step title="Starting LocalZipHandler" date="2026-01-09T12:22:34.093" /><!-- duration: 31ms -->
      <step title="Starting ExtractTriggers" date="2026-01-09T12:22:34.156" /><!-- duration: 16ms -->
      <step title="None repository commit" date="2026-01-09T12:22:34.265" >
        <step title="Commit id: 16d3ed4f8c85420586d10b400e0d18e9" date="2026-01-09T12:22:34.296" Message="Created via a push deployment" AuthorName="N/A" AuthorEmail="N/A" /><!-- duration: 31ms -->
      </step><!-- duration: 78ms -->
      <step title="Before sending BuildRequestReceived status to /api/updatedeploystatus" date="2026-01-09T12:22:34.374" /><!-- duration: 31ms -->
      <step title="DeploymentManager.Deploy(id:16d3ed4f8c85420586d10b400e0d18e9)" date="2026-01-09T12:22:34.455" >
        <step title="Collecting changeset information" date="2026-01-09T12:22:34.515" /><!-- duration: 250ms -->
        <step title="Updating submodules" date="2026-01-09T12:22:34.796" >
          <step title="Updating submodules." date="2026-01-09T12:22:35.031" /><!-- duration: 47ms -->
        </step><!-- duration: 328ms -->
        <step title="Preparing deployment for commit id &apos;16d3ed4f8c&apos;." date="2026-01-09T12:22:35.409" /><!-- duration: 28ms -->
        <step title="Determining deployment builder" date="2026-01-09T12:22:35.671" >
          <step title="Builder is RunFromZipSiteBuilder" date="2026-01-09T12:22:35.703" /><!-- duration: 31ms -->
        </step><!-- duration: 94ms -->
        <step title="Copying SSH keys" date="2026-01-09T12:22:35.875" /><!-- duration: 47ms -->
        <step title="Building" date="2026-01-09T12:22:35.968" >
          <step title="Skipping build. Project type: Run-From-Zip" date="2026-01-09T12:22:36.219" /><!-- duration: 31ms -->
          <step title="Skipping post build. Project type: Run-From-Zip" date="2026-01-09T12:22:36.546" /><!-- duration: 47ms -->
          <step title="Triggering recycle (preview mode disabled)." date="2026-01-09T12:22:36.874" /><!-- duration: 31ms -->
          <step title="Ignoring FS watcher based recycle request as this is a classic Windows app." date="2026-01-09T12:22:36.968" /><!-- duration: 31ms -->
          <step title="Deployment successful. DEPLOYMENTINFO: deploymentPath = Functions App ZipDeploy. Run from package., deployer = ZipDeploy, os = windows, sku = Dynamic, language = dotnet-isolated, siteName = func-healthaggregator, slotName = Production, siteHostName = func-healthaggregator.azurewebsites.net, deploymentStatus = Success" date="2026-01-09T12:22:37.249" /><!-- duration: 16ms -->
          <step title="Purge deployment items" date="2026-01-09T12:22:38.296" >
            <step title="Remove 32ad7d3cc, Success, received at 1/6/2026 10:23:21 PM" date="2026-01-09T12:22:38.610" /><!-- duration: 32ms -->
          </step><!-- duration: 375ms -->
        </step><!-- duration: 2812ms -->
      </step><!-- duration: 4358ms -->
      <step title="Cleaning up temp files" date="2026-01-09T12:22:38.843" /><!-- duration: 16ms -->
      <step title="Updating C:\home\data\SitePackages\packagename.txt with deployment 20260109122232.zip" date="2026-01-09T12:22:38.906" /><!-- duration: 78ms -->
      <step title="Begin HttpPost https://func-healthaggregator.scm.azurewebsites.net/operations/settriggers, x-ms-request-id: 9ac7b309-b7da-4092-9691-696eea8c5657" date="2026-01-09T12:22:39.124" /><!-- duration: 31ms -->
      <step title="End HttpPost, status: OK" date="2026-01-09T12:22:39.765" /><!-- duration: 32ms -->
      <step title="Scheduling background sync triggers after delay" date="2026-01-09T12:22:39.829" /><!-- duration: 30ms -->
    </step><!-- duration: 6672ms -->
    <step title="LockFile &apos;C:\home\site\locks\deployments.lock&apos; released" date="2026-01-09T12:22:40.156" /><!-- duration: 31ms -->
  </step><!-- duration: 8219ms -->
  <step title="Outgoing response" date="2026-01-09T12:22:40.265" type="response" statusCode="200" statusText="OK" Server="Microsoft-IIS/10.0" x-ms-request-id="9ac7b309-b7da-4092-9691-696eea8c5657" Cache-Control="private" X-AspNet-Version="4.0.30319" /><!-- duration: 31ms -->
</step><!-- duration: 8453ms -->
