<step title="Incoming Request" date="2026-01-05T22:58:32.035" instance="03ea48" url="/api/zipdeploy" method="POST" type="request" pid="7300,2,8" Content-Length="5182500" Content-Type="application/zip" Authorization="Bea..." Host="func-healthaggregator.scm.azurewebsites.net" If-Match="*" User-Agent="functions-core-tools/4.5.0" X-ARR-LOG-ID="4404dd3a-7694-4293-b6d4-5257002eb0c0" CLIENT-IP="88.223.145.103:59245" X-SITE-DEPLOYMENT-ID="func-healthaggregator" WAS-DEFAULT-HOSTNAME="func-healthaggregator.scm.azurewebsites.net" X-Forwarded-Proto="https" X-AppService-Proto="https" X-Forwarded-TlsVersion="1.3" X-WAWS-Unencoded-URL="/api/zipdeploy" >
  <step title="ZipPushDeploy" date="2026-01-05T22:58:32.160" >
    <step title="Functions App ZipDeploy. Run from package." date="2026-01-05T22:58:32.207" /><!-- duration: 16ms -->
    <step title="Starting PushDeployAsync" date="2026-01-05T22:58:32.254" /><!-- duration: 16ms -->
    <step title="Updating shutdown sentinel last write time" date="2026-01-05T22:58:32.395" SemaphoreCount="7" /><!-- duration: 16ms -->
    <step title="LockFile &apos;C:\home\site\locks\deployments.lock&apos; acquired" date="2026-01-05T22:58:32.442" /><!-- duration: 16ms -->
    <step title="Saving request content to C:\home\data\SitePackages\20260105225832.zip" date="2026-01-05T22:58:32.488" >
      <step title="Total 5,182,500 bytes written to C:\home\data\SitePackages\20260105225832.zip" date="2026-01-05T22:58:32.629" /><!-- duration: 16ms -->
    </step><!-- duration: 266ms -->
    <step title="LockFile &apos;C:\home\site\locks\deployments.lock&apos; released" date="2026-01-05T22:58:32.770" /><!-- duration: 16ms -->
    <step title="Deleting shutdown sentinel file" date="2026-01-05T22:58:32.832" SemaphoreCount="8" /><!-- duration: 16ms -->
    <step title="Starting FetchDeploy" date="2026-01-05T22:58:32.863" /><!-- duration: 16ms -->
    <step title="Attempting to fetch target branch HEAD" date="2026-01-05T22:58:32.895" /><!-- duration: 16ms -->
    <step title="Updating shutdown sentinel last write time" date="2026-01-05T22:58:32.957" SemaphoreCount="7" /><!-- duration: 16ms -->
    <step title="LockFile &apos;C:\home\site\locks\deployments.lock&apos; acquired" date="2026-01-05T22:58:32.988" /><!-- duration: 16ms -->
    <step title="Performing fetch based deployment" date="2026-01-05T22:58:33.035" >
      <step title="Creating temporary deployment" date="2026-01-05T22:58:33.051" /><!-- duration: 141ms -->
      <step title="Fetching changes." date="2026-01-05T22:58:33.363" /><!-- duration: 16ms -->
      <step title="Starting LocalZipHandler" date="2026-01-05T22:58:33.410" /><!-- duration: 32ms -->
      <step title="Starting ExtractTriggers" date="2026-01-05T22:58:33.457" /><!-- duration: 31ms -->
      <step title="None repository commit" date="2026-01-05T22:58:33.551" >
        <step title="Commit id: c6cbd52015ee415ebfe6b3c2386a9394" date="2026-01-05T22:58:33.582" Message="Created via a push deployment" AuthorName="N/A" AuthorEmail="N/A" /><!-- duration: 16ms -->
      </step><!-- duration: 62ms -->
      <step title="Before sending BuildRequestReceived status to /api/updatedeploystatus" date="2026-01-05T22:58:33.629" /><!-- duration: 16ms -->
      <step title="DeploymentManager.Deploy(id:c6cbd52015ee415ebfe6b3c2386a9394)" date="2026-01-05T22:58:33.676" >
        <step title="Collecting changeset information" date="2026-01-05T22:58:33.707" /><!-- duration: 125ms -->
        <step title="Updating submodules" date="2026-01-05T22:58:33.848" >
          <step title="Updating submodules." date="2026-01-05T22:58:34.004" /><!-- duration: 31ms -->
        </step><!-- duration: 234ms -->
        <step title="Preparing deployment for commit id &apos;c6cbd52015&apos;." date="2026-01-05T22:58:34.254" /><!-- duration: 16ms -->
        <step title="Determining deployment builder" date="2026-01-05T22:58:34.426" >
          <step title="Builder is RunFromZipSiteBuilder" date="2026-01-05T22:58:34.442" /><!-- duration: 31ms -->
        </step><!-- duration: 62ms -->
        <step title="Copying SSH keys" date="2026-01-05T22:58:34.536" /><!-- duration: 31ms -->
        <step title="Building" date="2026-01-05T22:58:34.582" >
          <step title="Skipping build. Project type: Run-From-Zip" date="2026-01-05T22:58:34.754" /><!-- duration: 31ms -->
          <step title="Skipping post build. Project type: Run-From-Zip" date="2026-01-05T22:58:34.942" /><!-- duration: 16ms -->
          <step title="Triggering recycle (preview mode disabled)." date="2026-01-05T22:58:35.145" /><!-- duration: 16ms -->
          <step title="Ignoring FS watcher based recycle request as this is a classic Windows app." date="2026-01-05T22:58:35.207" /><!-- duration: 16ms -->
          <step title="Deployment successful. DEPLOYMENTINFO: deploymentPath = Functions App ZipDeploy. Run from package., deployer = ZipDeploy, os = windows, sku = Dynamic, language = dotnet-isolated, siteName = func-healthaggregator, slotName = Production, siteHostName = func-healthaggregator.azurewebsites.net, deploymentStatus = Success" date="2026-01-05T22:58:35.395" /><!-- duration: 16ms -->
        </step><!-- duration: 1250ms -->
      </step><!-- duration: 2187ms -->
      <step title="Cleaning up temp files" date="2026-01-05T22:58:35.879" /><!-- duration: 16ms -->
      <step title="Updating C:\home\data\SitePackages\packagename.txt with deployment 20260105225832.zip" date="2026-01-05T22:58:35.910" /><!-- duration: 63ms -->
      <step title="Begin HttpPost https://func-healthaggregator.scm.azurewebsites.net/operations/settriggers, x-ms-request-id: 4404dd3a-7694-4293-b6d4-5257002eb0c0" date="2026-01-05T22:58:36.051" /><!-- duration: 31ms -->
      <step title="End HttpPost, status: OK" date="2026-01-05T22:58:36.489" /><!-- duration: 16ms -->
      <step title="Scheduling background sync triggers after delay" date="2026-01-05T22:58:36.520" /><!-- duration: 16ms -->
    </step><!-- duration: 3672ms -->
    <step title="LockFile &apos;C:\home\site\locks\deployments.lock&apos; released" date="2026-01-05T22:58:36.738" /><!-- duration: 16ms -->
  </step><!-- duration: 4625ms -->
  <step title="Outgoing response" date="2026-01-05T22:58:36.801" type="response" statusCode="200" statusText="OK" Server="Microsoft-IIS/10.0" x-ms-request-id="4404dd3a-7694-4293-b6d4-5257002eb0c0" Cache-Control="private" X-AspNet-Version="4.0.30319" /><!-- duration: 16ms -->
</step><!-- duration: 4797ms -->
