<step title="BackgroundTrace" date="2026-01-08T21:38:55.135" instance="28f0e4" url="/api/zipdeploy" method="POST" >
  <step title="Updating shutdown sentinel last write time" date="2026-01-08T21:38:55.182" SemaphoreCount="7" /><!-- duration: 31ms -->
  <step title="LockFile &apos;C:\home\site\locks\deployments.lock&apos; acquired" date="2026-01-08T21:38:55.229" /><!-- duration: 31ms -->
  <step title="Creating temporary deployment" date="2026-01-08T21:38:55.276" /><!-- duration: 203ms -->
  <step title="Performing fetch based deployment" date="2026-01-08T21:38:55.510" >
    <step title="Fetching changes." date="2026-01-08T21:38:55.776" /><!-- duration: 15ms -->
    <step title="Starting LocalZipHandler" date="2026-01-08T21:38:55.823" /><!-- duration: 16ms -->
    <step title="Starting ExtractTriggers" date="2026-01-08T21:38:55.901" /><!-- duration: 16ms -->
    <step title="Before sending BuildRequestReceived status to /api/updatedeploystatus" date="2026-01-08T21:38:56.010" /><!-- duration: 16ms -->
    <step title="DeploymentManager.Deploy(id:7c28c6404b2042d5afe93808bcb488f8)" date="2026-01-08T21:38:56.058" >
      <step title="Collecting changeset information" date="2026-01-08T21:38:56.120" /><!-- duration: 172ms -->
      <step title="Updating submodules" date="2026-01-08T21:38:56.307" >
        <step title="Updating submodules." date="2026-01-08T21:38:56.526" /><!-- duration: 16ms -->
      </step><!-- duration: 266ms -->
      <step title="Preparing deployment for commit id &apos;7c28c6404b&apos;." date="2026-01-08T21:38:56.807" /><!-- duration: 16ms -->
      <step title="Determining deployment builder" date="2026-01-08T21:38:57.010" >
        <step title="Builder is RunFromZipSiteBuilder" date="2026-01-08T21:38:57.026" /><!-- duration: 31ms -->
      </step><!-- duration: 78ms -->
      <step title="Copying SSH keys" date="2026-01-08T21:38:57.167" /><!-- duration: 31ms -->
      <step title="Building" date="2026-01-08T21:38:57.214" >
        <step title="Skipping build. Project type: Run-From-Zip" date="2026-01-08T21:38:57.667" /><!-- duration: 31ms -->
        <step title="Skipping post build. Project type: Run-From-Zip" date="2026-01-08T21:38:57.932" /><!-- duration: 31ms -->
        <step title="Triggering recycle (preview mode disabled)." date="2026-01-08T21:38:58.167" /><!-- duration: 31ms -->
        <step title="Ignoring FS watcher based recycle request as this is a classic Windows app." date="2026-01-08T21:38:58.229" /><!-- duration: 16ms -->
        <step title="Deployment successful. DEPLOYMENTINFO: deploymentPath = Functions App ZipDeploy. Run from package., deployer = GITHUB_ZIP_DEPLOY_FUNCTIONS_V1, os = windows, sku = Dynamic, language = dotnet-isolated, siteName = func-healthaggregator, slotName = Production, siteHostName = func-healthaggregator.azurewebsites.net, deploymentStatus = Success" date="2026-01-08T21:38:58.448" /><!-- duration: 31ms -->
      </step><!-- duration: 1656ms -->
    </step><!-- duration: 2843ms -->
    <step title="Cleaning up temp files" date="2026-01-08T21:38:58.917" /><!-- duration: 31ms -->
    <step title="Updating C:\home\data\SitePackages\packagename.txt with deployment 20260108213854.zip" date="2026-01-08T21:38:58.979" /><!-- duration: 62ms -->
    <step title="Begin HttpPost https://func-healthaggregator.scm.azurewebsites.net/operations/settriggers, x-ms-request-id: 78a4b251-715b-456a-837a-61dd3b726bfa" date="2026-01-08T21:38:59.151" /><!-- duration: 16ms -->
    <step title="End HttpPost, status: OK" date="2026-01-08T21:38:59.620" /><!-- duration: 31ms -->
    <step title="Scheduling background sync triggers after delay" date="2026-01-08T21:38:59.682" /><!-- duration: 16ms -->
  </step><!-- duration: 4281ms -->
  <step title="LockFile &apos;C:\home\site\locks\deployments.lock&apos; released" date="2026-01-08T21:38:59.823" /><!-- duration: 16ms -->
</step><!-- duration: 4750ms -->
