<step title="BackgroundTrace" date="2026-01-08T18:05:19.928" instance="a3e99d" url="/api/zipdeploy" method="POST" >
  <step title="Updating shutdown sentinel last write time" date="2026-01-08T18:05:19.959" SemaphoreCount="7" /><!-- duration: 16ms -->
  <step title="LockFile &apos;C:\home\site\locks\deployments.lock&apos; acquired" date="2026-01-08T18:05:20.006" /><!-- duration: 16ms -->
  <step title="Creating temporary deployment" date="2026-01-08T18:05:20.039" /><!-- duration: 202ms -->
  <step title="Performing fetch based deployment" date="2026-01-08T18:05:20.256" >
    <step title="Fetching changes." date="2026-01-08T18:05:20.460" /><!-- duration: 16ms -->
    <step title="Starting LocalZipHandler" date="2026-01-08T18:05:20.506" /><!-- duration: 31ms -->
    <step title="Starting ExtractTriggers" date="2026-01-08T18:05:20.569" /><!-- duration: 31ms -->
    <step title="Before sending BuildRequestReceived status to /api/updatedeploystatus" date="2026-01-08T18:05:20.663" /><!-- duration: 16ms -->
    <step title="DeploymentManager.Deploy(id:5d8ca0b915584b3a829bfd9770c3e6b0)" date="2026-01-08T18:05:20.709" >
      <step title="Collecting changeset information" date="2026-01-08T18:05:20.756" /><!-- duration: 141ms -->
      <step title="Updating submodules" date="2026-01-08T18:05:20.916" >
        <step title="Updating submodules." date="2026-01-08T18:05:21.119" /><!-- duration: 31ms -->
      </step><!-- duration: 250ms -->
      <step title="Preparing deployment for commit id &apos;5d8ca0b915&apos;." date="2026-01-08T18:05:21.338" /><!-- duration: 16ms -->
      <step title="Determining deployment builder" date="2026-01-08T18:05:21.510" >
        <step title="Builder is RunFromZipSiteBuilder" date="2026-01-08T18:05:21.525" /><!-- duration: 16ms -->
      </step><!-- duration: 62ms -->
      <step title="Copying SSH keys" date="2026-01-08T18:05:21.650" /><!-- duration: 63ms -->
      <step title="Building" date="2026-01-08T18:05:21.728" >
        <step title="Skipping build. Project type: Run-From-Zip" date="2026-01-08T18:05:21.853" /><!-- duration: 31ms -->
        <step title="Skipping post build. Project type: Run-From-Zip" date="2026-01-08T18:05:22.057" /><!-- duration: 31ms -->
        <step title="Triggering recycle (preview mode disabled)." date="2026-01-08T18:05:22.510" /><!-- duration: 31ms -->
        <step title="Ignoring FS watcher based recycle request as this is a classic Windows app." date="2026-01-08T18:05:22.557" /><!-- duration: 16ms -->
        <step title="Deployment successful. DEPLOYMENTINFO: deploymentPath = Functions App ZipDeploy. Run from package., deployer = GITHUB_ZIP_DEPLOY_FUNCTIONS_V1, os = windows, sku = Dynamic, language = dotnet-isolated, siteName = func-healthaggregator, slotName = Production, siteHostName = func-healthaggregator.azurewebsites.net, deploymentStatus = Success" date="2026-01-08T18:05:22.744" /><!-- duration: 31ms -->
      </step><!-- duration: 1406ms -->
    </step><!-- duration: 2441ms -->
    <step title="Cleaning up temp files" date="2026-01-08T18:05:23.166" /><!-- duration: 31ms -->
    <step title="Updating C:\home\data\SitePackages\packagename.txt with deployment 20260108180519.zip" date="2026-01-08T18:05:23.213" /><!-- duration: 62ms -->
    <step title="Begin HttpPost https://func-healthaggregator.scm.azurewebsites.net/operations/settriggers, x-ms-request-id: 37223fec-faca-4c90-882e-3496a07d884e" date="2026-01-08T18:05:23.369" /><!-- duration: 31ms -->
    <step title="End HttpPost, status: OK" date="2026-01-08T18:05:23.900" /><!-- duration: 16ms -->
    <step title="Scheduling background sync triggers after delay" date="2026-01-08T18:05:23.947" /><!-- duration: 16ms -->
  </step><!-- duration: 3785ms -->
  <step title="LockFile &apos;C:\home\site\locks\deployments.lock&apos; released" date="2026-01-08T18:05:24.072" /><!-- duration: 31ms -->
</step><!-- duration: 4207ms -->
