﻿<?xml version="1.0" encoding="utf-8"?>
<deployment>
  <id>f28f76517b8d40a6b0a9e021b875dd32</id>
  <author>N/A</author>
  <deployer>GITHUB_ZIP_DEPLOY_FUNCTIONS_V1</deployer>
  <authorEmail>N/A</authorEmail>
  <message>{"type":"deployment","sha":"3c9c7da57f99718fa370113d13cc33558a5acea5","repoName":"wist214/AI-generated-health-dashboard","actor":"wist214","slotName":"production"}</message>
  <progress></progress>
  <status>Success</status>
  <statusText></statusText>
  <lastSuccessEndTime>2026-01-08T21:45:47.0317667Z</lastSuccessEndTime>
  <receivedTime>2026-01-08T21:45:44.8276118Z</receivedTime>
  <startTime>2026-01-08T21:45:45.4682572Z</startTime>
  <endTime>2026-01-08T21:45:47.0317667Z</endTime>
  <complete>True</complete>
  <is_temp>False</is_temp>
  <is_readonly>True</is_readonly>
  <project_type>Run-From-Zip</project_type>
  <vsproject_id></vsproject_id>
</deployment>