﻿<?xml version="1.0" encoding="utf-8"?>
<deployment>
  <id>7c28c6404b2042d5afe93808bcb488f8</id>
  <author>N/A</author>
  <deployer>GITHUB_ZIP_DEPLOY_FUNCTIONS_V1</deployer>
  <authorEmail>N/A</authorEmail>
  <message>{"type":"deployment","sha":"7d0777fd1f7ff59c33b6476c6352bc2a68031996","repoName":"wist214/AI-generated-health-dashboard","actor":"wist214","slotName":"production"}</message>
  <progress></progress>
  <status>Success</status>
  <statusText></statusText>
  <lastSuccessEndTime>2026-01-08T21:38:58.5578272Z</lastSuccessEndTime>
  <receivedTime>2026-01-08T21:38:56.1983742Z</receivedTime>
  <startTime>2026-01-08T21:38:56.9171488Z</startTime>
  <endTime>2026-01-08T21:38:58.5578272Z</endTime>
  <complete>True</complete>
  <is_temp>False</is_temp>
  <is_readonly>True</is_readonly>
  <project_type>Run-From-Zip</project_type>
  <vsproject_id></vsproject_id>
</deployment>