﻿<?xml version="1.0" encoding="utf-8"?>
<deployment>
  <id>b0625f7dd6d34314a6743a9e70b91411</id>
  <author>N/A</author>
  <deployer>GITHUB_ZIP_DEPLOY_FUNCTIONS_V1</deployer>
  <authorEmail>N/A</authorEmail>
  <message>{"type":"deployment","sha":"2212fba5ff25e4382d27f877c40f3d0668dd53f8","repoName":"wist214/AI-generated-health-dashboard","actor":"wist214","slotName":"production"}</message>
  <progress></progress>
  <status>Success</status>
  <statusText></statusText>
  <lastSuccessEndTime>2026-01-11T10:50:01.4951684Z</lastSuccessEndTime>
  <receivedTime>2026-01-11T10:49:59.9013903Z</receivedTime>
  <startTime>2026-01-11T10:50:00.463909Z</startTime>
  <endTime>2026-01-11T10:50:01.4951684Z</endTime>
  <complete>True</complete>
  <is_temp>False</is_temp>
  <is_readonly>True</is_readonly>
  <project_type>Run-From-Zip</project_type>
  <vsproject_id></vsproject_id>
</deployment>