{"TimeStamp":"2026-01-11T10:50:01Z","SiteName":"func-healthaggregator","RequestId":"2733cbfa-47b7-46f0-9247-875c1422b4ac","Kind":"GITHUB_ZIP_DEPLOY_FUNCTIONS_V1","Status":"Success","Details":"{\"Id\":\"b0625f7dd6d34314a6743a9e70b91411\",\"Status\":4,\"StatusText\":\"\",\"AuthorEmail\":\"N/A\",\"Author\":\"N/A\",\"Message\":\"{\\\"type\\\":\\\"deployment\\\",\\\"sha\\\":\\\"2212fba5ff25e4382d27f877c40f3d0668dd53f8\\\",\\\"repoName\\\":\\\"wist214/AI-generated-health-dashboard\\\",\\\"actor\\\":\\\"wist214\\\",\\\"slotName\\\":\\\"production\\\"}\",\"Progress\":\"\",\"Deployer\":\"GITHUB_ZIP_DEPLOY_FUNCTIONS_V1\",\"ReceivedTime\":\"2026-01-11T10:49:59.9013903Z\",\"StartTime\":\"2026-01-11T10:50:00.463909Z\",\"EndTime\":\"2026-01-11T10:50:01.4951684Z\",\"LastSuccessEndTime\":\"2026-01-11T10:50:01.4951684Z\",\"Complete\":true,\"IsTemporary\":false,\"IsReadOnly\":true,\"SiteName\":\"func-healthaggregator\",\"HostName\":\"func-healthaggregator.scm.azurewebsites.net\",\"ProjectType\":\"Run-From-Zip\",\"VsProjectId\":null}"}