﻿<?xml version="1.0" encoding="utf-8"?>
<deployment>
  <id>b62b06fe035c4b61aa3fce6280e8182a</id>
  <author>N/A</author>
  <deployer>GITHUB_ZIP_DEPLOY_FUNCTIONS_V1</deployer>
  <authorEmail>N/A</authorEmail>
  <message>{"type":"deployment","sha":"daff231077e3ab232fdfed6e0004e5e50ebac6f5","repoName":"wist214/AI-generated-health-dashboard","actor":"wist214","slotName":"production"}</message>
  <progress></progress>
  <status>Success</status>
  <statusText></statusText>
  <lastSuccessEndTime>2026-01-08T21:46:04.0740099Z</lastSuccessEndTime>
  <receivedTime>2026-01-08T21:46:02.0885948Z</receivedTime>
  <startTime>2026-01-08T21:46:02.713593Z</startTime>
  <endTime>2026-01-08T21:46:04.0740099Z</endTime>
  <complete>True</complete>
  <is_temp>False</is_temp>
  <is_readonly>True</is_readonly>
  <project_type>Run-From-Zip</project_type>
  <vsproject_id></vsproject_id>
</deployment>