﻿<?xml version="1.0" encoding="utf-8"?>
<deployment>
  <id>68b651748a734d25aa66045de5ff39c8</id>
  <author>N/A</author>
  <deployer>ZipDeploy</deployer>
  <authorEmail>N/A</authorEmail>
  <message>Created via a push deployment</message>
  <progress></progress>
  <status>Success</status>
  <statusText></statusText>
  <lastSuccessEndTime>2026-01-09T12:04:30.3558346Z</lastSuccessEndTime>
  <receivedTime>2026-01-09T12:04:27.8246285Z</receivedTime>
  <startTime>2026-01-09T12:04:28.6371023Z</startTime>
  <endTime>2026-01-09T12:04:30.3558346Z</endTime>
  <complete>True</complete>
  <is_temp>False</is_temp>
  <is_readonly>True</is_readonly>
  <project_type>Run-From-Zip</project_type>
  <vsproject_id></vsproject_id>
</deployment>