﻿<?xml version="1.0" encoding="utf-8"?>
<deployment>
  <id>d54af2ec6fbc4f5e9f21fc5808b2681c</id>
  <author>N/A</author>
  <deployer>GITHUB_ZIP_DEPLOY_FUNCTIONS_V1</deployer>
  <authorEmail>N/A</authorEmail>
  <message>{"type":"deployment","sha":"17293aef433ee906eb8627eec5df7ed8c8092a74","repoName":"wist214/AI-generated-health-dashboard","actor":"wist214","slotName":"production"}</message>
  <progress></progress>
  <status>Success</status>
  <statusText></statusText>
  <lastSuccessEndTime>2026-01-10T23:00:58.3409394Z</lastSuccessEndTime>
  <receivedTime>2026-01-10T23:00:55.7940695Z</receivedTime>
  <startTime>2026-01-10T23:00:56.4659355Z</startTime>
  <endTime>2026-01-10T23:00:58.3409394Z</endTime>
  <complete>True</complete>
  <is_temp>False</is_temp>
  <is_readonly>True</is_readonly>
  <project_type>Run-From-Zip</project_type>
  <vsproject_id></vsproject_id>
</deployment>