﻿<?xml version="1.0" encoding="utf-8"?>
<deployment>
  <id>7f24fb32280e40c7b61eb3828ebc6ee6</id>
  <author>N/A</author>
  <deployer>GITHUB_ZIP_DEPLOY_FUNCTIONS_V1</deployer>
  <authorEmail>N/A</authorEmail>
  <message>{"type":"deployment","sha":"0d05847388b74537e61433aeccd4ed64692e3728","repoName":"wist214/AI-generated-health-dashboard","actor":"wist214","slotName":"production"}</message>
  <progress></progress>
  <status>Success</status>
  <statusText></statusText>
  <lastSuccessEndTime>2026-01-10T22:53:25.9334542Z</lastSuccessEndTime>
  <receivedTime>2026-01-10T22:53:23.4017915Z</receivedTime>
  <startTime>2026-01-10T22:53:24.558463Z</startTime>
  <endTime>2026-01-10T22:53:25.9334542Z</endTime>
  <complete>True</complete>
  <is_temp>False</is_temp>
  <is_readonly>True</is_readonly>
  <project_type>Run-From-Zip</project_type>
  <vsproject_id></vsproject_id>
</deployment>